Species	Mut	ExpNum	MutSpec	ObsNum
Celatoblatta_vulgaris	A>G	42.4861	0.10302338488623884	2.094116
Celatoblatta_vulgaris	A>T	25.0718	0.11065951362414646	1.327371
Celatoblatta_vulgaris	T>C	40.9108	0.25256969308346366	4.943531
Celatoblatta_vulgaris	G>A	0.739461	0.0	0.0
Celatoblatta_vulgaris	C>A	0.628957	0.0	0.0
Celatoblatta_vulgaris	G>T	0.489475	0.0	0.0
Celatoblatta_vulgaris	T>G	10.8154	0.0	0.0
Celatoblatta_vulgaris	C>G	0.628957	0.0	0.0
Celatoblatta_vulgaris	G>C	0.489475	0.0	0.0
Celatoblatta_vulgaris	A>C	25.0718	0.0	0.0
Celatoblatta_vulgaris	T>A	10.8154	0.0	0.0
Celatoblatta_vulgaris	C>T	3.65661	0.533747408406151	0.933754
Eupolyphaga_robusta	A>G	78.4052	0.7301723209047264	1.736625
Eupolyphaga_robusta	T>C	88.7769	0.2698276790952735	0.726645
Eupolyphaga_robusta	T>A	35.8585	0.0	0.0
Eupolyphaga_robusta	T>G	35.8585	0.0	0.0
Eupolyphaga_robusta	A>C	41.3693	0.0	0.0
Eupolyphaga_robusta	C>A	13.5005	0.0	0.0
Eupolyphaga_robusta	G>A	11.3492	0.0	0.0
Eupolyphaga_robusta	G>T	8.73763	0.0	0.0
Eupolyphaga_robusta	C>T	30.5347	0.0	0.0
Eupolyphaga_robusta	A>T	41.3693	0.0	0.0
Eupolyphaga_robusta	G>C	8.73763	0.0	0.0
Eupolyphaga_robusta	C>G	13.5005	0.0	0.0
Bundoksia_longissima	A>C	45.0144	0.06515004266236615	2.36611
Bundoksia_longissima	A>G	76.2057	0.08690761086720628	5.343355
Bundoksia_longissima	A>T	45.0144	0.03350847395861666	1.2169560000000001
Bundoksia_longissima	C>T	12.405	0.33906100490732016	3.393465
Bundoksia_longissima	T>A	21.4435	0.1338109418399838	2.3150269999999997
Bundoksia_longissima	T>C	68.4611	0.12223694780608436	6.751731
Bundoksia_longissima	G>T	2.97527	0.0	0.0
Bundoksia_longissima	C>A	2.47851	0.0	0.0
Bundoksia_longissima	T>G	21.4435	0.0	0.0
Bundoksia_longissima	G>A	5.2047	0.21932497795842262	0.920985
Bundoksia_longissima	G>C	2.97527	0.0	0.0
Bundoksia_longissima	C>G	2.47851	0.0	0.0
Nocticola_currani	A>G	49.2153	0.08334604788685279	2.178084
Nocticola_currani	C>T	29.0591	0.17790874311909602	2.745168
Nocticola_currani	T>C	50.4148	0.14406135638880233	3.856515
Nocticola_currani	T>G	13.3371	0.0	0.0
Nocticola_currani	C>A	13.4911	0.0	0.0
Nocticola_currani	A>C	27.6105	0.0	0.0
Nocticola_currani	T>A	13.3371	0.0	0.0
Nocticola_currani	G>T	0.756108	0.0	0.0
Nocticola_currani	G>A	1.93889	0.5946838526052488	0.61225
Nocticola_currani	C>G	13.4911	0.0	0.0
Nocticola_currani	A>T	27.6105	0.0	0.0
Nocticola_currani	G>C	0.756108	0.0	0.0
Geoscapheus_dilatatus	A>C	90.7923	0.007592225572790861	1.381323
Geoscapheus_dilatatus	A>G	168.05	0.04070064864771546	13.706197
Geoscapheus_dilatatus	A>T	90.7923	0.033286306411547784	6.056082
Geoscapheus_dilatatus	C>A	14.7629	0.03149288003608577	0.931668
Geoscapheus_dilatatus	C>T	39.4052	0.2154980941042341	17.016651
Geoscapheus_dilatatus	G>A	7.43191	0.45343556866953555	6.752944
Geoscapheus_dilatatus	G>T	3.43155	0.12579509747713222	0.86503
Geoscapheus_dilatatus	T>A	72.9962	0.026011631009029836	3.804915
Geoscapheus_dilatatus	T>C	192.443	0.06281924347653903	24.225455
Geoscapheus_dilatatus	T>G	72.9962	0.0033683045953894018	0.492707
Geoscapheus_dilatatus	G>C	3.43155	0.0	0.0
Geoscapheus_dilatatus	C>G	14.7629	0.0	0.0
Episymploce_wulingensis	A>C	0.0	0.0	0.0
Episymploce_wulingensis	A>G	0.0	0.0	0.0
Episymploce_wulingensis	A>T	0.0	0.0	0.0
Episymploce_wulingensis	C>A	0.0	0.0	0.0
Episymploce_wulingensis	C>G	0.0	0.0	0.0
Episymploce_wulingensis	C>T	0.0	0.0	0.0
Episymploce_wulingensis	G>A	0.0	0.0	0.0
Episymploce_wulingensis	G>C	0.0	0.0	0.0
Episymploce_wulingensis	G>T	0.0	0.0	0.0
Episymploce_wulingensis	T>A	0.0	0.0	0.0
Episymploce_wulingensis	T>C	0.0	0.0	0.0
Episymploce_wulingensis	T>G	0.0	0.0	0.0
Periplaneta_americana	A>C	63.5756	0.019312386242526628	4.712643
Periplaneta_americana	A>G	102.029	0.011608751915677742	4.546187
Periplaneta_americana	A>T	63.5756	0.017870244520322646	4.360729
Periplaneta_americana	C>A	10.7504	0.05339010884118291	2.203046
Periplaneta_americana	C>T	29.6746	0.0673329905831485	7.669215
Periplaneta_americana	G>A	4.70714	0.38955713754383203	7.038278
Periplaneta_americana	T>A	26.312	0.013447652210633942	1.358121
Periplaneta_americana	T>C	80.17	0.027936591452229462	8.596535
Periplaneta_americana	T>G	26.312	0.062448392498761884	6.306861
Periplaneta_americana	G>T	3.13357	0.23384751133983073	2.812615
Periplaneta_americana	G>C	3.13357	0.08276200581147829	0.995425
Periplaneta_americana	C>G	10.7504	0.020486227040375293	0.845327
Eupolyphaga_sinensis	A>C	27.8863	0.018344752279037667	0.980758
Eupolyphaga_sinensis	A>G	48.8782	0.06470508217061734	6.063351
Eupolyphaga_sinensis	A>T	27.8863	0.07014356925691267	3.750057
Eupolyphaga_sinensis	C>T	21.9288	0.1555615904159328	6.539979
Eupolyphaga_sinensis	G>A	7.22027	0.48329373466741743	6.689963
Eupolyphaga_sinensis	G>C	3.13713	0.1518507963951023	0.91329
Eupolyphaga_sinensis	T>A	28.9611	0.009573842907509069	0.53157
Eupolyphaga_sinensis	T>C	63.0457	0.04652663190747074	5.623623
Eupolyphaga_sinensis	T>G	28.9611	0.0	0.0
Eupolyphaga_sinensis	C>G	9.08142	0.0	0.0
Eupolyphaga_sinensis	G>T	3.13713	0.0	0.0
Eupolyphaga_sinensis	C>A	9.08142	0.0	0.0
Episymploce_potanini	A>G	58.739	0.3028502272102297	2.5088470000000003
Episymploce_potanini	A>T	29.3956	0.0	0.0
Episymploce_potanini	C>T	10.2031	0.2709200922203711	0.389846
Episymploce_potanini	G>A	7.4105	0.0	0.0
Episymploce_potanini	G>C	4.46224	0.0	0.0
Episymploce_potanini	T>A	24.5077	0.0	0.0
Episymploce_potanini	T>C	70.8222	0.4262296805693992	4.257286
Episymploce_potanini	C>G	5.10473	0.0	0.0
Episymploce_potanini	T>G	24.5077	0.0	0.0
Episymploce_potanini	G>T	4.46224	0.0	0.0
Episymploce_potanini	C>A	5.10473	0.0	0.0
Episymploce_potanini	A>C	29.3956	0.0	0.0
Sigmella_puchihlungi	A>C	0.0	0.0	0.0
Sigmella_puchihlungi	A>G	0.0	0.0	0.0
Sigmella_puchihlungi	A>T	0.0	0.0	0.0
Sigmella_puchihlungi	C>A	0.0	0.0	0.0
Sigmella_puchihlungi	C>G	0.0	0.0	0.0
Sigmella_puchihlungi	C>T	0.0	0.0	0.0
Sigmella_puchihlungi	G>A	0.0	0.0	0.0
Sigmella_puchihlungi	G>C	0.0	0.0	0.0
Sigmella_puchihlungi	G>T	0.0	0.0	0.0
Sigmella_puchihlungi	T>A	0.0	0.0	0.0
Sigmella_puchihlungi	T>C	0.0	0.0	0.0
Sigmella_puchihlungi	T>G	0.0	0.0	0.0
Periplaneta_brunnea	A>G	83.8201	0.02339684577564092	1.371683
Periplaneta_brunnea	A>T	46.0423	0.025762907406155045	0.82966
Periplaneta_brunnea	C>T	16.1739	0.12107394711784068	1.369663
Periplaneta_brunnea	T>C	83.9308	0.03264962266843602	1.9166720000000002
Periplaneta_brunnea	T>G	31.4625	0.018897647338306067	0.415862
Periplaneta_brunnea	A>C	46.0423	0.0	0.0
Periplaneta_brunnea	G>T	3.70201	0.0	0.0
Periplaneta_brunnea	G>A	4.43746	0.7782190296936212	2.415375
Periplaneta_brunnea	G>C	3.70201	0.0	0.0
Periplaneta_brunnea	C>A	5.59634	0.0	0.0
Periplaneta_brunnea	T>A	31.4625	0.0	0.0
Periplaneta_brunnea	C>G	5.59634	0.0	0.0
Cryptocercus_changbaiensis	A>G	134.019	0.07874652192965484	0.99738
Cryptocercus_changbaiensis	T>A	17.5497	0.600575055406788	0.996093
Cryptocercus_changbaiensis	T>C	65.8122	0.3206784226635571	1.994523
Cryptocercus_changbaiensis	A>T	90.1439	0.0	0.0
Cryptocercus_changbaiensis	G>A	4.98582	0.0	0.0
Cryptocercus_changbaiensis	A>C	90.1439	0.0	0.0
Cryptocercus_changbaiensis	C>A	5.98298	0.0	0.0
Cryptocercus_changbaiensis	C>T	41.4821	0.0	0.0
Cryptocercus_changbaiensis	C>G	5.98298	0.0	0.0
Cryptocercus_changbaiensis	G>C	1.99433	0.0	0.0
Cryptocercus_changbaiensis	G>T	1.99433	0.0	0.0
Cryptocercus_changbaiensis	T>G	17.5497	0.0	0.0
Periplaneta_fuliginosa	A>C	56.552	0.021898851009689763	0.728251
Periplaneta_fuliginosa	A>G	93.6368	0.08073948924538062	4.445743
Periplaneta_fuliginosa	A>T	56.552	0.030043408170783208	0.9991
Periplaneta_fuliginosa	C>T	17.9738	0.46337489646089003	4.89761
Periplaneta_fuliginosa	T>C	83.0512	0.05314075094704155	2.595287
Periplaneta_fuliginosa	G>T	1.12393	0.0	0.0
Periplaneta_fuliginosa	T>A	28.1396	0.0	0.0
Periplaneta_fuliginosa	G>C	1.12393	0.0	0.0
Periplaneta_fuliginosa	G>A	3.53116	0.3508026041662148	0.728437
Periplaneta_fuliginosa	T>G	28.1396	0.0	0.0
Periplaneta_fuliginosa	C>G	4.68102	0.0	0.0
Periplaneta_fuliginosa	C>A	4.68102	0.0	0.0
Rhabdoblatta_marginata	A>C	35.8804	0.01340152193678257	0.711137
Rhabdoblatta_marginata	A>G	61.2756	0.05343902970167557	4.842705
Rhabdoblatta_marginata	A>T	35.8804	0.028504558510196565	1.512563
Rhabdoblatta_marginata	C>T	13.9661	0.11222510912129331	2.317966
Rhabdoblatta_marginata	G>A	2.07838	0.10028083392035171	0.308237
Rhabdoblatta_marginata	T>A	22.3026	0.07606285971401265	2.508823
Rhabdoblatta_marginata	T>C	62.3546	0.0254006670507249	2.34237
Rhabdoblatta_marginata	G>T	1.16938	0.4396145196264268	0.760273
Rhabdoblatta_marginata	C>A	4.8659	0.07538488526819459	0.542487
Rhabdoblatta_marginata	T>G	22.3026	0.0	0.0
Rhabdoblatta_marginata	C>G	4.8659	0.07568601515034139	0.544654
Rhabdoblatta_marginata	G>C	1.16938	0.0	0.0
Ectobius_lapponicus	A>C	0.0	0.0	0.0
Ectobius_lapponicus	A>G	0.0	0.0	0.0
Ectobius_lapponicus	A>T	0.0	0.0	0.0
Ectobius_lapponicus	C>A	0.0	0.0	0.0
Ectobius_lapponicus	C>G	0.0	0.0	0.0
Ectobius_lapponicus	C>T	0.0	0.0	0.0
Ectobius_lapponicus	G>A	0.0	0.0	0.0
Ectobius_lapponicus	G>C	0.0	0.0	0.0
Ectobius_lapponicus	G>T	0.0	0.0	0.0
Ectobius_lapponicus	T>A	0.0	0.0	0.0
Ectobius_lapponicus	T>C	0.0	0.0	0.0
Ectobius_lapponicus	T>G	0.0	0.0	0.0
Panesthia_tryoni	A>C	79.7587	0.0	0.0
Panesthia_tryoni	A>G	144.324	0.023882574204885477	2.592976
Panesthia_tryoni	A>T	79.7587	0.032334931523337634	1.940121
Panesthia_tryoni	C>A	11.7661	0.0	0.0
Panesthia_tryoni	C>T	26.6856	0.11037523617419655	2.2157839999999998
Panesthia_tryoni	G>A	2.08499	0.3606319856273976	0.565649
Panesthia_tryoni	G>T	1.07541	0.4251391254552647	0.343941
Panesthia_tryoni	T>A	58.001	0.03452480313089271	1.506418
Panesthia_tryoni	T>C	159.522	0.013111343884025219	1.5734270000000001
Panesthia_tryoni	T>G	58.001	0.0	0.0
Panesthia_tryoni	C>G	11.7661	0.0	0.0
Panesthia_tryoni	G>C	1.07541	0.0	0.0
Rhabdoblatta_sinuata	A>G	80.247	0.21896657464583685	1.999914
Rhabdoblatta_sinuata	A>T	43.9983	0.39935129579136003	1.9998420000000001
Rhabdoblatta_sinuata	G>T	1.24995	0.0	0.0
Rhabdoblatta_sinuata	C>G	5.99979	0.0	0.0
Rhabdoblatta_sinuata	C>T	15.2494	0.0	0.0
Rhabdoblatta_sinuata	T>G	31.4988	0.0	0.0
Rhabdoblatta_sinuata	G>C	1.24995	0.0	0.0
Rhabdoblatta_sinuata	C>A	5.99979	0.0	0.0
Rhabdoblatta_sinuata	T>C	85.4968	0.10275436515436268	0.999896
Rhabdoblatta_sinuata	T>A	31.4988	0.2789277644084404	0.999978
Rhabdoblatta_sinuata	G>A	2.24993	0.0	0.0
Rhabdoblatta_sinuata	A>C	43.9983	0.0	0.0
Supella_longipalpa	A>C	0.0	0.0	0.0
Supella_longipalpa	A>G	0.0	0.0	0.891518
Supella_longipalpa	A>T	0.0	0.0	0.0
Supella_longipalpa	C>A	0.0	0.0	0.0
Supella_longipalpa	C>G	0.0	0.0	0.0
Supella_longipalpa	C>T	0.0	0.0	0.0
Supella_longipalpa	G>A	0.0	0.0	0.0
Supella_longipalpa	G>C	0.0	0.0	0.0
Supella_longipalpa	G>T	0.0	0.0	0.0
Supella_longipalpa	T>A	0.0	0.0	0.0
Supella_longipalpa	T>C	0.0	0.0	0.0
Supella_longipalpa	T>G	0.0	0.0	0.0
Parcoblatta_pensylvanica	A>C	0.0	0.0	0.0
Parcoblatta_pensylvanica	A>G	0.0	0.0	0.0
Parcoblatta_pensylvanica	A>T	0.0	0.0	0.995274
Parcoblatta_pensylvanica	C>A	0.0	0.0	0.0
Parcoblatta_pensylvanica	C>G	0.0	0.0	0.0
Parcoblatta_pensylvanica	C>T	0.0	0.0	0.0
Parcoblatta_pensylvanica	G>A	0.0	0.0	0.0
Parcoblatta_pensylvanica	G>C	0.0	0.0	0.0
Parcoblatta_pensylvanica	G>T	0.0	0.0	0.0
Parcoblatta_pensylvanica	T>A	0.0	0.0	0.0
Parcoblatta_pensylvanica	T>C	0.0	0.0	0.995245
Parcoblatta_pensylvanica	T>G	0.0	0.0	0.0
Hemiblabera_pabulator	A>G	64.2042	0.29186479886682576	2.595179
Hemiblabera_pabulator	T>C	58.7763	0.41402358810915113	3.370152
Hemiblabera_pabulator	A>T	41.095	0.0	0.0
Hemiblabera_pabulator	C>A	9.3567	0.0	0.0
Hemiblabera_pabulator	G>T	2.9524	0.0	0.0
Hemiblabera_pabulator	A>C	41.095	0.0	0.0
Hemiblabera_pabulator	G>A	5.16535	0.0	0.0
Hemiblabera_pabulator	C>T	29.0462	0.294111613024023	1.183106
Hemiblabera_pabulator	G>C	2.9524	0.0	0.0
Hemiblabera_pabulator	T>G	29.0176	0.0	0.0
Hemiblabera_pabulator	T>A	29.0176	0.0	0.0
Hemiblabera_pabulator	C>G	9.3567	0.0	0.0
Margattea_concava	A>C	0.0	0.0	0.0
Margattea_concava	A>G	0.0	0.0	0.0
Margattea_concava	A>T	0.0	0.0	0.0
Margattea_concava	C>A	0.0	0.0	0.0
Margattea_concava	C>G	0.0	0.0	0.0
Margattea_concava	C>T	0.0	0.0	0.0
Margattea_concava	G>A	0.0	0.0	0.0
Margattea_concava	G>C	0.0	0.0	0.0
Margattea_concava	G>T	0.0	0.0	0.0
Margattea_concava	T>A	0.0	0.0	0.0
Margattea_concava	T>C	0.0	0.0	0.0
Margattea_concava	T>G	0.0	0.0	0.0
Margattea_spinosa	A>G	89.6555	0.04848739284537157	1.72827
Margattea_spinosa	A>T	55.403	0.0453989836402059	0.999966
Margattea_spinosa	C>T	33.2364	0.14374908696458216	1.8994369999999998
Margattea_spinosa	G>A	8.6305	0.4704694610667862	1.614259
Margattea_spinosa	T>C	80.2326	0.05996425478145914	1.9127100000000001
Margattea_spinosa	A>C	55.403	0.0	0.0
Margattea_spinosa	C>G	10.2828	0.0	0.0
Margattea_spinosa	G>T	5.22092	0.0	0.0
Margattea_spinosa	T>G	33.4672	0.0	0.0
Margattea_spinosa	T>A	33.4672	0.0	0.0
Margattea_spinosa	G>C	5.22092	0.0	0.0
Margattea_spinosa	C>A	10.2828	0.231930820701595	0.948147
Blattella_lituricollis	A>G	96.3149	0.009954948502623767	3.711709
Blattella_lituricollis	C>T	13.8515	0.07383369801899957	3.959067
Blattella_lituricollis	T>C	115.734	0.03104837128278378	13.910451
Blattella_lituricollis	T>G	46.4966	0.0	0.0
Blattella_lituricollis	G>T	0.17646	0.0	0.0
Blattella_lituricollis	G>A	0.294104	0.8782780328682604	0.999941
Blattella_lituricollis	A>C	53.4295	0.0	0.0
Blattella_lituricollis	G>C	0.17646	0.0	0.0
Blattella_lituricollis	A>T	53.4295	0.004696382851749949	0.971373
Blattella_lituricollis	C>A	4.79985	0.0	0.0
Blattella_lituricollis	C>G	4.79985	0.0	0.0
Blattella_lituricollis	T>A	46.4966	0.0021885664755824977	0.393933
Eupolyphaga_hanae	A>C	0.0	0.0	0.0
Eupolyphaga_hanae	A>G	0.0	0.0	0.0
Eupolyphaga_hanae	A>T	0.0	0.0	0.0
Eupolyphaga_hanae	C>A	0.0	0.0	0.0
Eupolyphaga_hanae	C>G	0.0	0.0	0.0
Eupolyphaga_hanae	C>T	0.0	0.0	0.0
Eupolyphaga_hanae	G>A	0.0	0.0	0.0
Eupolyphaga_hanae	G>C	0.0	0.0	0.0
Eupolyphaga_hanae	G>T	0.0	0.0	0.0
Eupolyphaga_hanae	T>A	0.0	0.0	0.0
Eupolyphaga_hanae	T>C	0.0	0.0	0.0
Eupolyphaga_hanae	T>G	0.0	0.0	0.0
Cryptocercus_hirtus	A>G	74.5838	0.1489761776893218	1.5000749999999998
Cryptocercus_hirtus	T>C	45.6761	0.16215188238653241	0.999914
Cryptocercus_hirtus	A>C	50.4312	0.0	0.0
Cryptocercus_hirtus	G>T	3.8797	0.0	0.0
Cryptocercus_hirtus	C>T	26.4052	0.0	0.0
Cryptocercus_hirtus	G>A	5.38104	0.6888719399241459	0.500445
Cryptocercus_hirtus	G>C	3.8797	0.0	0.0
Cryptocercus_hirtus	C>G	3.87969	0.0	0.0
Cryptocercus_hirtus	A>T	50.4312	0.0	0.0
Cryptocercus_hirtus	T>G	18.1449	0.0	0.0
Cryptocercus_hirtus	T>A	18.1449	0.0	0.0
Cryptocercus_hirtus	C>A	3.87969	0.0	0.0
Rhabdoblatta_nigrovittata	A>C	44.9139	0.02120065259104465	0.906242
Rhabdoblatta_nigrovittata	A>G	84.3658	0.05995416151524175	4.813931999999999
Rhabdoblatta_nigrovittata	C>A	10.6534	0.0875267861382574	0.887449
Rhabdoblatta_nigrovittata	C>T	30.1695	0.2602472683150197	7.472544
Rhabdoblatta_nigrovittata	G>A	4.42985	0.4306319024603964	1.815555
Rhabdoblatta_nigrovittata	T>A	40.5761	0.025893344397385002	0.999937
Rhabdoblatta_nigrovittata	T>C	95.983	0.09115679066144207	8.327172
Rhabdoblatta_nigrovittata	G>C	3.24214	0.0	0.0
Rhabdoblatta_nigrovittata	G>T	3.24214	0.0	0.0
Rhabdoblatta_nigrovittata	T>G	40.5761	0.0	0.0
Rhabdoblatta_nigrovittata	A>T	44.9139	0.02338909392121303	0.999789
Rhabdoblatta_nigrovittata	C>G	10.6534	0.0	0.0
Anaplecta_omei	A>G	79.0947	0.07366581597730551	2.188987
Anaplecta_omei	C>T	46.6725	0.182160687903073	3.194078
Anaplecta_omei	G>A	9.10219	0.589633939075405	2.0163140000000004
Anaplecta_omei	T>C	62.4266	0.13396317016153667	3.141846
Anaplecta_omei	A>C	57.2303	0.02057638688267991	0.44241
Anaplecta_omei	G>C	3.43433	0.0	0.0
Anaplecta_omei	C>A	19.6235	0.0	0.0
Anaplecta_omei	T>G	25.4695	0.0	0.0
Anaplecta_omei	A>T	57.2303	0.0	0.0
Anaplecta_omei	T>A	25.4695	0.0	0.0
Anaplecta_omei	G>T	3.43433	0.0	0.0
Anaplecta_omei	C>G	19.6235	0.0	0.0
Rhabdoblatta_melancholica	A>C	0.0	0.0	0.0
Rhabdoblatta_melancholica	A>G	0.0	0.0	0.0
Rhabdoblatta_melancholica	A>T	0.0	0.0	0.0
Rhabdoblatta_melancholica	C>A	0.0	0.0	0.0
Rhabdoblatta_melancholica	C>G	0.0	0.0	0.0
Rhabdoblatta_melancholica	C>T	0.0	0.0	0.0
Rhabdoblatta_melancholica	G>A	0.0	0.0	0.0
Rhabdoblatta_melancholica	G>C	0.0	0.0	0.0
Rhabdoblatta_melancholica	G>T	0.0	0.0	0.0
Rhabdoblatta_melancholica	T>A	0.0	0.0	0.0
Rhabdoblatta_melancholica	T>C	0.0	0.0	0.0
Rhabdoblatta_melancholica	T>G	0.0	0.0	0.0
Margattea_bisignata	A>G	83.404	0.07397929221759354	6.701103
Margattea_bisignata	A>T	49.7954	0.03219285960712795	1.7409970000000001
Margattea_bisignata	C>T	27.9195	0.17418289487656421	5.281562
Margattea_bisignata	G>A	7.23054	0.3018546122521907	2.370379
Margattea_bisignata	T>C	74.8665	0.13417539772627382	10.909621
Margattea_bisignata	G>C	4.28151	0.0	0.0
Margattea_bisignata	A>C	49.7954	0.0	0.0
Margattea_bisignata	C>G	9.95925	0.0	0.0
Margattea_bisignata	G>T	4.28151	0.21504871791361546	0.999961
Margattea_bisignata	C>A	9.95925	0.06856622540663442	0.741628
Margattea_bisignata	T>G	27.115	0.0	0.0
Margattea_bisignata	T>A	27.115	0.0	0.0
Blattella_germanica	A>C	48.4663	0.01631780293161925	2.9331
Blattella_germanica	A>G	92.035	0.031959908730760676	10.908973
Blattella_germanica	A>T	48.4663	0.03726111967921247	6.697629
Blattella_germanica	C>A	5.73681	0.08820919889923623	1.876764
Blattella_germanica	C>T	18.228	0.2118660966354852	14.32273
Blattella_germanica	G>A	8.67855	0.3734622894611196	12.020408999999999
Blattella_germanica	T>A	47.7444	0.036377047944490135	6.441325
Blattella_germanica	T>C	114.62	0.030401374092561457	12.923464000000001
Blattella_germanica	T>G	47.7444	0.021413524562250513	3.7917170000000002
Blattella_germanica	C>G	5.73681	0.045460428291521665	0.967229
Blattella_germanica	G>T	4.94686	0.05276560536713762	0.968068
Blattella_germanica	G>C	4.94686	0.054505603404605155	0.999991
Blattella_singularis	A>G	81.9142	0.16654017228223172	1.56811
Blattella_singularis	T>C	95.9124	0.0906654605798521	0.999574
Blattella_singularis	G>C	2.26368	0.0	0.0
Blattella_singularis	T>G	33.3292	0.0	0.0
Blattella_singularis	C>A	6.13918	0.0	0.0
Blattella_singularis	C>T	11.7032	0.7427943671379162	0.999244
Blattella_singularis	G>T	2.26368	0.0	0.0
Blattella_singularis	A>C	40.8338	0.0	0.0
Blattella_singularis	T>A	33.3292	0.0	0.0
Blattella_singularis	A>T	40.8338	0.0	0.0
Blattella_singularis	G>A	3.03877	0.0	0.0
Blattella_singularis	C>G	6.13918	0.0	0.0
Celatoblatta_brunni	C>T	8.89114	0.6106254424887371	0.998736
Celatoblatta_brunni	T>C	75.7244	0.14341979974597452	1.997852
Celatoblatta_brunni	T>G	22.078	0.24595475776528838	0.998926
Celatoblatta_brunni	C>G	3.6963	0.0	0.0
Celatoblatta_brunni	G>C	0.499517	0.0	0.0
Celatoblatta_brunni	A>G	68.7314	0.0	0.0
Celatoblatta_brunni	C>A	3.6963	0.0	0.0
Celatoblatta_brunni	A>T	37.9621	0.0	0.0
Celatoblatta_brunni	G>A	0.499517	0.0	0.0
Celatoblatta_brunni	T>A	22.078	0.0	0.0
Celatoblatta_brunni	G>T	0.499517	0.0	0.0
Celatoblatta_brunni	A>C	37.9621	0.0	0.0
Polyzosteria_yingina	A>G	71.6941	0.10010936254595879	0.665468
Polyzosteria_yingina	C>T	28.9877	0.49389470357977805	1.327447
Polyzosteria_yingina	T>A	23.777	0.3061329591480819	0.674895
Polyzosteria_yingina	G>A	8.39157	0.0	0.0
Polyzosteria_yingina	C>A	9.9173	0.0	0.0
Polyzosteria_yingina	A>T	45.5912	0.0	0.0
Polyzosteria_yingina	G>C	4.57722	0.0	0.0
Polyzosteria_yingina	C>G	9.9173	0.0	0.0
Polyzosteria_yingina	G>T	4.57722	0.0	0.0
Polyzosteria_yingina	T>G	23.777	0.0	0.0
Polyzosteria_yingina	A>C	45.5912	0.0	0.0
Polyzosteria_yingina	T>C	60.2283	0.09986297472618136	0.557666
Cryptocercus_laojunensis	A>C	76.3165	0.2941604206683813	0.999986
Cryptocercus_laojunensis	T>C	63.5884	0.7058395793316187	1.999287
Cryptocercus_laojunensis	T>A	15.213	0.0	0.0
Cryptocercus_laojunensis	C>A	5.4752	0.0	0.0
Cryptocercus_laojunensis	A>G	115.526	0.0	0.0
Cryptocercus_laojunensis	G>A	3.70636	0.0	0.0
Cryptocercus_laojunensis	T>G	15.213	0.0	0.0
Cryptocercus_laojunensis	C>G	5.4752	0.0	0.0
Cryptocercus_laojunensis	C>T	28.1031	0.0	0.0
Cryptocercus_laojunensis	G>T	3.20637	0.0	0.0
Cryptocercus_laojunensis	A>T	76.3165	0.0	0.0
Cryptocercus_laojunensis	G>C	3.20637	0.0	0.0
Blattella_sauteri	A>G	57.9057	0.0936877377665826	1.9958580000000001
Blattella_sauteri	T>C	70.2868	0.0	0.0
Blattella_sauteri	A>C	30.3498	0.0	0.0
Blattella_sauteri	C>G	7.98725	0.0	0.0
Blattella_sauteri	C>T	16.7722	0.0	0.0
Blattella_sauteri	T>G	26.5572	0.0	0.0
Blattella_sauteri	A>T	30.3498	0.0	0.0
Blattella_sauteri	G>C	1.39793	0.0	0.0
Blattella_sauteri	C>A	7.98725	0.0	0.0
Blattella_sauteri	G>T	1.39793	0.0	0.0
Blattella_sauteri	T>A	26.5572	0.0	0.0
Blattella_sauteri	G>A	2.99515	0.9063122622334174	0.99867
Cryptocercus_luanchuanensis	A>G	81.3144	0.27077515794198936	2.982449
Cryptocercus_luanchuanensis	C>T	27.3255	0.2678034366907051	0.991245
Cryptocercus_luanchuanensis	T>C	45.5433	0.3229301852367917	1.992186
Cryptocercus_luanchuanensis	T>A	15.8987	0.0	0.0
Cryptocercus_luanchuanensis	T>G	15.8987	0.0	0.0
Cryptocercus_luanchuanensis	C>G	5.29957	0.0	0.0
Cryptocercus_luanchuanensis	G>A	6.12836	0.0	0.0
Cryptocercus_luanchuanensis	A>C	52.9946	0.0	0.0
Cryptocercus_luanchuanensis	G>T	5.46591	0.0	0.0
Cryptocercus_luanchuanensis	G>C	5.46591	0.0	0.0
Cryptocercus_luanchuanensis	A>T	52.9946	0.13849122013051376	0.994147
Cryptocercus_luanchuanensis	C>A	5.29957	0.0	0.0
Panchlora_nivea	A>C	45.6146	0.03637839789220526	0.703716
Panchlora_nivea	A>G	79.3968	0.18175464630285285	6.119818
Panchlora_nivea	A>T	45.6146	0.03537081620681375	0.6842250000000001
Panchlora_nivea	C>A	7.69981	0.0	0.0
Panchlora_nivea	C>T	22.9082	0.06702190202423682	0.651115
Panchlora_nivea	G>A	7.31301	0.0	0.0
Panchlora_nivea	T>A	35.5543	0.08682118880593488	1.309085
Panchlora_nivea	T>C	86.8421	0.16593299906918715	6.1110109999999995
Panchlora_nivea	C>G	7.69981	0.0	0.0
Panchlora_nivea	G>C	5.46107	0.0	0.0
Panchlora_nivea	G>T	5.46107	0.42672004969876925	0.988259
Panchlora_nivea	T>G	35.5543	0.0	0.0
Cryptocercus_punctulatus	A>C	82.5889	0.0040192632546998475	3.095984
Cryptocercus_punctulatus	A>G	137.152	0.02741830437561947	35.073032
Cryptocercus_punctulatus	A>T	82.5889	0.021023297405717345	16.193961
Cryptocercus_punctulatus	C>A	10.1202	0.07498897091961852	7.078106
Cryptocercus_punctulatus	C>T	44.1662	0.19224854980282274	79.192432
Cryptocercus_punctulatus	G>A	3.7468	0.4697651079071322	16.41617
Cryptocercus_punctulatus	G>T	2.29562	0.018627801494007622	0.398834
Cryptocercus_punctulatus	T>A	21.6019	0.028194362633037734	5.680477
Cryptocercus_punctulatus	T>C	82.8416	0.10010530796836412	77.345697
Cryptocercus_punctulatus	T>G	21.6019	0.04274319410487582	8.611712
Cryptocercus_punctulatus	C>G	10.1202	0.020865840134104637	1.969498
Cryptocercus_punctulatus	G>C	2.29562	0.0	0.0
Diploptera_maculata	A>C	0.0	0.0	0.0
Diploptera_maculata	A>G	0.0	0.0	0.0
Diploptera_maculata	A>T	0.0	0.0	0.0
Diploptera_maculata	C>A	0.0	0.0	0.0
Diploptera_maculata	C>G	0.0	0.0	0.0
Diploptera_maculata	C>T	0.0	0.0	1.995125
Diploptera_maculata	G>A	0.0	0.0	0.0
Diploptera_maculata	G>C	0.0	0.0	0.0
Diploptera_maculata	G>T	0.0	0.0	0.0
Diploptera_maculata	T>A	0.0	0.0	0.0
Diploptera_maculata	T>C	0.0	0.0	0.0
Diploptera_maculata	T>G	0.0	0.0	0.0
Hebardina_concinna	A>G	106.52	0.08682028644916749	7.848571
Hebardina_concinna	A>T	57.7298	0.02014051741252329	0.986754
Hebardina_concinna	C>T	12.2689	0.2789082048660619	2.904057
Hebardina_concinna	G>A	2.51223	0.46901361011759596	0.999961
Hebardina_concinna	T>A	37.6882	0.06095267468263555	1.949559
Hebardina_concinna	T>C	110.553	0.08416470647201581	7.896575
Hebardina_concinna	G>C	1.404	0.0	0.0
Hebardina_concinna	C>G	3.79705	0.0	0.0
Hebardina_concinna	C>A	3.79705	0.0	0.0
Hebardina_concinna	T>G	37.6882	0.0	0.0
Hebardina_concinna	A>C	57.7298	0.0	0.0
Hebardina_concinna	G>T	1.404	0.0	0.0
Sigmella_normalis	A>C	0.0	0.0	0.0
Sigmella_normalis	A>G	0.0	0.0	0.0
Sigmella_normalis	A>T	0.0	0.0	0.0
Sigmella_normalis	C>A	0.0	0.0	0.0
Sigmella_normalis	C>G	0.0	0.0	0.0
Sigmella_normalis	C>T	0.0	0.0	0.0
Sigmella_normalis	G>A	0.0	0.0	0.0
Sigmella_normalis	G>C	0.0	0.0	0.0
Sigmella_normalis	G>T	0.0	0.0	0.0
Sigmella_normalis	T>A	0.0	0.0	0.0
Sigmella_normalis	T>C	0.0	0.0	0.0
Sigmella_normalis	T>G	0.0	0.0	0.0
Celatoblatta_quinquemaculata	A>C	0.0	0.0	0.0
Celatoblatta_quinquemaculata	A>G	0.0	0.0	0.0
Celatoblatta_quinquemaculata	A>T	0.0	0.0	0.0
Celatoblatta_quinquemaculata	C>A	0.0	0.0	0.0
Celatoblatta_quinquemaculata	C>G	0.0	0.0	0.0
Celatoblatta_quinquemaculata	C>T	0.0	0.0	0.0
Celatoblatta_quinquemaculata	G>A	0.0	0.0	0.0
Celatoblatta_quinquemaculata	G>C	0.0	0.0	0.0
Celatoblatta_quinquemaculata	G>T	0.0	0.0	0.0
Celatoblatta_quinquemaculata	T>A	0.0	0.0	0.0
Celatoblatta_quinquemaculata	T>C	0.0	0.0	0.0
Celatoblatta_quinquemaculata	T>G	0.0	0.0	0.0
Cryptocercus_gexigouensis	A>G	97.3574	0.06691166663972774	0.997706
Cryptocercus_gexigouensis	C>A	6.9899	0.9330883333602722	0.998908
Cryptocercus_gexigouensis	T>G	11.9825	0.0	0.0
Cryptocercus_gexigouensis	C>G	6.9899	0.0	0.0
Cryptocercus_gexigouensis	G>C	3.24563	0.0	0.0
Cryptocercus_gexigouensis	G>A	5.74208	0.0	0.0
Cryptocercus_gexigouensis	A>T	62.6582	0.0	0.0
Cryptocercus_gexigouensis	G>T	3.24563	0.0	0.0
Cryptocercus_gexigouensis	A>C	62.6582	0.0	0.0
Cryptocercus_gexigouensis	T>A	11.9825	0.0	0.0
Cryptocercus_gexigouensis	T>C	52.4235	0.0	0.0
Cryptocercus_gexigouensis	C>T	28.7082	0.0	0.0
Brephallus_fruhstorferi	A>G	64.4627	0.12079241776731552	2.489396
Brephallus_fruhstorferi	C>A	7.17416	0.15256742451681796	0.349928
Brephallus_fruhstorferi	C>T	18.3281	0.5841229889832072	3.4226900000000002
Brephallus_fruhstorferi	T>C	78.1737	0.14251716873265932	3.561834
Brephallus_fruhstorferi	G>T	1.36156	0.0	0.0
Brephallus_fruhstorferi	G>C	1.36156	0.0	0.0
Brephallus_fruhstorferi	A>T	36.9974	0.0	0.0
Brephallus_fruhstorferi	C>G	7.17416	0.0	0.0
Brephallus_fruhstorferi	T>A	32.3065	0.0	0.0
Brephallus_fruhstorferi	G>A	4.76261	0.0	0.0
Brephallus_fruhstorferi	A>C	36.9974	0.0	0.0
Brephallus_fruhstorferi	T>G	32.3065	0.0	0.0
Celatoblatta_notialis	C>T	12.5941	0.2999132777112983	2.998934
Celatoblatta_notialis	T>A	34.9845	0.035988798903882485	0.999648
Celatoblatta_notialis	T>C	110.549	0.03416595230600155	2.998834
Celatoblatta_notialis	C>A	2.99833	0.0	0.0
Celatoblatta_notialis	A>C	52.776	0.0	0.0
Celatoblatta_notialis	A>T	52.776	0.0	0.0
Celatoblatta_notialis	G>C	1.99906	0.6299319710788177	0.999824
Celatoblatta_notialis	A>G	95.5565	0.0	0.0
Celatoblatta_notialis	G>T	1.99906	0.0	0.0
Celatoblatta_notialis	G>A	3.19835	0.0	0.0
Celatoblatta_notialis	C>G	2.99833	0.0	0.0
Celatoblatta_notialis	T>G	34.9845	0.0	0.0
Nocticola_quartermainei	A>C	39.7758	0.0	0.0
Nocticola_quartermainei	A>G	68.9438	0.07460155545361406	18.920128
Nocticola_quartermainei	A>T	39.7758	0.026818543754192792	3.924055
Nocticola_quartermainei	C>A	16.4962	0.01984376161731712	1.204173
Nocticola_quartermainei	C>T	39.3652	0.14444594038399577	20.91697
Nocticola_quartermainei	G>A	5.68014	0.5088140173032765	10.631611
Nocticola_quartermainei	T>A	23.1726	0.03982957398294906	3.395169
Nocticola_quartermainei	T>C	60.7069	0.12779933123575404	28.539582
Nocticola_quartermainei	G>T	4.42256	0.0	0.0
Nocticola_quartermainei	T>G	23.1726	0.0	0.0
Nocticola_quartermainei	G>C	4.42256	0.05784727626890067	0.941104
Nocticola_quartermainei	C>G	16.4962	0.0	0.0
Margattea_spinifera	A>C	46.4171	0.046385156460217465	0.984625
Margattea_spinifera	A>G	86.0281	0.0250099677528593	0.983937
Margattea_spinifera	C>T	32.8647	0.1307489049548677	1.9650859999999999
Margattea_spinifera	G>A	6.14797	0.7001348365365614	1.9684629999999999
Margattea_spinifera	T>C	89.1528	0.0977211342954943	3.984165
Margattea_spinifera	T>G	40.3952	0.0	0.0
Margattea_spinifera	C>A	11.1465	0.0	0.0
Margattea_spinifera	G>C	5.15496	0.0	0.0
Margattea_spinifera	T>A	40.3952	0.0	0.0
Margattea_spinifera	C>G	11.1465	0.0	0.0
Margattea_spinifera	G>T	5.15496	0.0	0.0
Margattea_spinifera	A>T	46.4171	0.0	0.0
Sigmella_schenklingi	A>C	70.6837	0.016526746854264366	7.859509
Sigmella_schenklingi	A>G	103.445	0.023418331463254845	16.298747
Sigmella_schenklingi	A>T	70.6837	0.022012705821456913	10.468428
Sigmella_schenklingi	C>A	22.2394	0.03232751606002321	4.83709
Sigmella_schenklingi	C>G	22.2394	0.01281411625742363	1.917346
Sigmella_schenklingi	C>T	68.5286	0.11556215231481272	53.281476
Sigmella_schenklingi	G>A	6.2093	0.5826949856493622	24.342921
Sigmella_schenklingi	G>T	3.91828	0.037931396224251915	0.999961
Sigmella_schenklingi	T>A	22.9858	0.07565242387743246	11.699606
Sigmella_schenklingi	T>C	65.5488	0.07476242895567867	32.971364
Sigmella_schenklingi	T>G	22.9858	0.006297196522039171	0.973858
Sigmella_schenklingi	G>C	3.91828	0.0	0.0
Eupolyphaga_yunnanensis	A>C	35.1706	0.1695071171038234	0.60415
Eupolyphaga_yunnanensis	A>G	56.4429	0.2440400348049554	1.395878
Eupolyphaga_yunnanensis	A>T	35.1706	0.17102500753423255	0.60956
Eupolyphaga_yunnanensis	T>G	23.7532	0.41542784055698867	0.999988
Eupolyphaga_yunnanensis	G>C	4.88104	0.0	0.0
Eupolyphaga_yunnanensis	C>A	10.7419	0.0	0.0
Eupolyphaga_yunnanensis	C>T	27.6404	0.0	0.0
Eupolyphaga_yunnanensis	T>C	56.0276	0.0	0.0
Eupolyphaga_yunnanensis	T>A	23.7532	0.0	0.0
Eupolyphaga_yunnanensis	C>G	10.7419	0.0	0.0
Eupolyphaga_yunnanensis	G>T	4.88104	0.0	0.0
Eupolyphaga_yunnanensis	G>A	7.66901	0.0	0.0
Nauphoeta_cinerea	A>C	0.0	0.0	0.0
Nauphoeta_cinerea	A>G	0.0	0.0	0.0
Nauphoeta_cinerea	A>T	0.0	0.0	0.0
Nauphoeta_cinerea	C>A	0.0	0.0	0.0
Nauphoeta_cinerea	C>G	0.0	0.0	0.0
Nauphoeta_cinerea	C>T	0.0	0.0	0.0
Nauphoeta_cinerea	G>A	0.0	0.0	0.0
Nauphoeta_cinerea	G>C	0.0	0.0	0.0
Nauphoeta_cinerea	G>T	0.0	0.0	0.0
Nauphoeta_cinerea	T>A	0.0	0.0	0.0
Nauphoeta_cinerea	T>C	0.0	0.0	1.977373
Nauphoeta_cinerea	T>G	0.0	0.0	0.0
Cryptocercus_relictus	A>C	0.0	0.0	0.0
Cryptocercus_relictus	A>G	0.0	0.0	0.0
Cryptocercus_relictus	A>T	0.0	0.0	0.0
Cryptocercus_relictus	C>A	0.0	0.0	0.0
Cryptocercus_relictus	C>G	0.0	0.0	0.0
Cryptocercus_relictus	C>T	0.0	0.0	0.0
Cryptocercus_relictus	G>A	0.0	0.0	0.0
Cryptocercus_relictus	G>C	0.0	0.0	0.0
Cryptocercus_relictus	G>T	0.0	0.0	0.0
Cryptocercus_relictus	T>A	0.0	0.0	0.0
Cryptocercus_relictus	T>C	0.0	0.0	0.0
Cryptocercus_relictus	T>G	0.0	0.0	0.0
Pseudothyrsocera_sinensis	A>C	56.4299	0.0	0.0
Pseudothyrsocera_sinensis	A>G	101.137	0.0	0.0
Pseudothyrsocera_sinensis	A>T	56.4299	0.049039606109709054	0.994558
Pseudothyrsocera_sinensis	C>T	27.334	0.3457273402542548	3.396337
Pseudothyrsocera_sinensis	T>C	114.935	0.048153691119138343	1.989096
Pseudothyrsocera_sinensis	G>C	0.993497	0.0	0.0
Pseudothyrsocera_sinensis	G>T	0.993497	0.0	0.0
Pseudothyrsocera_sinensis	C>G	10.4446	0.0	0.0
Pseudothyrsocera_sinensis	C>A	10.4446	0.0	0.0
Pseudothyrsocera_sinensis	T>A	42.4099	0.0	0.0
Pseudothyrsocera_sinensis	G>A	4.96748	0.5570793625168977	0.994551
Pseudothyrsocera_sinensis	T>G	42.4099	0.0	0.0
Arenivaga_floridensis	A>C	60.3987	0.0	0.0
Arenivaga_floridensis	A>G	122.687	0.021296738704163078	13.939125
Arenivaga_floridensis	A>T	60.3987	0.0078062100971236295	2.5153109999999996
Arenivaga_floridensis	C>T	23.2934	0.24857253799382917	30.88943
Arenivaga_floridensis	G>A	3.40442	0.33237819521797135	6.0366990000000005
Arenivaga_floridensis	G>T	1.08755	0.28532861828203626	1.655459
Arenivaga_floridensis	T>A	38.4941	0.026883187167159674	5.520759
Arenivaga_floridensis	T>C	123.735	0.07313623991957292	48.277976
Arenivaga_floridensis	T>G	38.4941	0.00459827261814397	0.944306
Arenivaga_floridensis	C>A	5.78686	0.0	0.0
Arenivaga_floridensis	G>C	1.08755	0.0	0.0
Arenivaga_floridensis	C>G	5.78686	0.0	0.0
Blattella_bisignata	A>G	89.9282	0.13543784135250336	16.903189
Blattella_bisignata	A>T	46.9231	0.10557717142598386	6.875265
Blattella_bisignata	C>A	7.88516	0.07404196739008073	0.810254
Blattella_bisignata	C>T	17.285	0.5354717523916187	12.845135
Blattella_bisignata	T>A	45.5821	0.020970226364221176	1.32657
Blattella_bisignata	T>C	114.419	0.11356067350559448	18.03262
Blattella_bisignata	G>A	4.57182	0.0	0.0
Blattella_bisignata	G>C	3.5044	0.0	0.0
Blattella_bisignata	G>T	3.5044	0.0	0.0
Blattella_bisignata	A>C	46.9231	0.01494036756999761	0.972928
Blattella_bisignata	C>G	7.88516	0.0	0.0
Blattella_bisignata	T>G	45.5821	0.0	0.0
Margattea_nimbata	A>G	79.8465	0.18162687485156723	0.914757
Margattea_nimbata	C>T	22.9912	0.5225278705630463	0.757776
Margattea_nimbata	T>C	70.8882	0.29584525458538646	1.322843
Margattea_nimbata	T>G	21.4238	0.0	0.0
Margattea_nimbata	C>G	9.73757	0.0	0.0
Margattea_nimbata	A>T	44.1491	0.0	0.0
Margattea_nimbata	C>A	9.73757	0.0	0.0
Margattea_nimbata	G>A	0.649234	0.0	0.0
Margattea_nimbata	A>C	44.1491	0.0	0.0
Margattea_nimbata	T>A	21.4238	0.0	0.0
Margattea_nimbata	G>T	0.0	0.0	0.0
Margattea_nimbata	G>C	0.0	0.0	0.0
Sinatablatta_hoplites	A>C	0.0	0.0	0.0
Sinatablatta_hoplites	A>G	0.0	0.0	1.9986000000000002
Sinatablatta_hoplites	A>T	0.0	0.0	0.0
Sinatablatta_hoplites	C>A	0.0	0.0	0.0
Sinatablatta_hoplites	C>G	0.0	0.0	0.0
Sinatablatta_hoplites	C>T	0.0	0.0	0.0
Sinatablatta_hoplites	G>A	0.0	0.0	0.0
Sinatablatta_hoplites	G>C	0.0	0.0	0.0
Sinatablatta_hoplites	G>T	0.0	0.0	0.0
Sinatablatta_hoplites	T>A	0.0	0.0	0.0
Sinatablatta_hoplites	T>C	0.0	0.0	0.0
Sinatablatta_hoplites	T>G	0.0	0.0	0.0
Anaplectoidea_varia	A>C	0.0	0.0	0.0
Anaplectoidea_varia	A>G	0.0	0.0	0.0
Anaplectoidea_varia	A>T	0.0	0.0	0.0
Anaplectoidea_varia	C>A	0.0	0.0	0.0
Anaplectoidea_varia	C>G	0.0	0.0	0.0
Anaplectoidea_varia	C>T	0.0	0.0	0.0
Anaplectoidea_varia	G>A	0.0	0.0	0.0
Anaplectoidea_varia	G>C	0.0	0.0	0.0
Anaplectoidea_varia	G>T	0.0	0.0	0.0
Anaplectoidea_varia	T>A	0.0	0.0	0.0
Anaplectoidea_varia	T>C	0.0	0.0	0.0
Anaplectoidea_varia	T>G	0.0	0.0	0.0
Diploptera_punctata	A>C	0.0	0.0	0.0
Diploptera_punctata	A>G	0.0	0.0	0.0
Diploptera_punctata	A>T	0.0	0.0	0.0
Diploptera_punctata	C>A	0.0	0.0	0.0
Diploptera_punctata	C>G	0.0	0.0	0.0
Diploptera_punctata	C>T	0.0	0.0	0.0
Diploptera_punctata	G>A	0.0	0.0	0.0
Diploptera_punctata	G>C	0.0	0.0	0.0
Diploptera_punctata	G>T	0.0	0.0	0.0
Diploptera_punctata	T>A	0.0	0.0	0.0
Diploptera_punctata	T>C	0.0	0.0	0.0
Diploptera_punctata	T>G	0.0	0.0	0.0
Periplaneta_lateralis	A>C	0.0	0.0	0.0
Periplaneta_lateralis	A>G	0.0	0.0	0.0
Periplaneta_lateralis	A>T	0.0	0.0	0.0
Periplaneta_lateralis	C>A	0.0	0.0	0.0
Periplaneta_lateralis	C>G	0.0	0.0	0.0
Periplaneta_lateralis	C>T	0.0	0.0	0.0
Periplaneta_lateralis	G>A	0.0	0.0	0.0
Periplaneta_lateralis	G>C	0.0	0.0	0.0
Periplaneta_lateralis	G>T	0.0	0.0	0.0
Periplaneta_lateralis	T>A	0.0	0.0	0.0
Periplaneta_lateralis	T>C	0.0	0.0	0.0
Periplaneta_lateralis	T>G	0.0	0.0	0.0
Ectobius_pallidus	A>C	0.0	0.0	0.0
Ectobius_pallidus	A>G	0.0	0.0	0.0
Ectobius_pallidus	A>T	0.0	0.0	0.0
Ectobius_pallidus	C>A	0.0	0.0	0.0
Ectobius_pallidus	C>G	0.0	0.0	0.0
Ectobius_pallidus	C>T	0.0	0.0	0.0
Ectobius_pallidus	G>A	0.0	0.0	0.0
Ectobius_pallidus	G>C	0.0	0.0	0.0
Ectobius_pallidus	G>T	0.0	0.0	0.0
Ectobius_pallidus	T>A	0.0	0.0	0.0
Ectobius_pallidus	T>C	0.0	0.0	0.0
Ectobius_pallidus	T>G	0.0	0.0	0.0
Blaptica_dubia	A>C	0.0	0.0	0.0
Blaptica_dubia	A>G	0.0	0.0	0.0
Blaptica_dubia	A>T	0.0	0.0	0.0
Blaptica_dubia	C>A	0.0	0.0	0.0
Blaptica_dubia	C>G	0.0	0.0	0.0
Blaptica_dubia	C>T	0.0	0.0	0.9979
Blaptica_dubia	G>A	0.0	0.0	0.0
Blaptica_dubia	G>C	0.0	0.0	0.0
Blaptica_dubia	G>T	0.0	0.0	0.0
Blaptica_dubia	T>A	0.0	0.0	1.9958
Blaptica_dubia	T>C	0.0	0.0	1.9958
Blaptica_dubia	T>G	0.0	0.0	0.0
Periplaneta_australasiae	A>C	0.0	0.0	0.0
Periplaneta_australasiae	A>G	0.0	0.0	0.0
Periplaneta_australasiae	A>T	0.0	0.0	0.0
Periplaneta_australasiae	C>A	0.0	0.0	0.0
Periplaneta_australasiae	C>G	0.0	0.0	0.0
Periplaneta_australasiae	C>T	0.0	0.0	0.0
Periplaneta_australasiae	G>A	0.0	0.0	0.0
Periplaneta_australasiae	G>C	0.0	0.0	0.0
Periplaneta_australasiae	G>T	0.0	0.0	0.0
Periplaneta_australasiae	T>A	0.0	0.0	0.0
Periplaneta_australasiae	T>C	0.0	0.0	0.0
Periplaneta_australasiae	T>G	0.0	0.0	0.0
Rhabdoblatta_densimaculata	A>G	63.3293	0.04279573099386077	0.443581
Rhabdoblatta_densimaculata	C>T	9.23964	0.48530683217758686	0.733904
Rhabdoblatta_densimaculata	T>A	30.3311	0.17222469491102935	0.8549709999999999
Rhabdoblatta_densimaculata	T>C	74.8614	0.29967274191752313	3.671749
Rhabdoblatta_densimaculata	A>T	34.3671	0.0	0.0
Rhabdoblatta_densimaculata	T>G	30.3311	0.0	0.0
Rhabdoblatta_densimaculata	C>A	2.51388	0.0	0.0
Rhabdoblatta_densimaculata	G>C	1.11206	0.0	0.0
Rhabdoblatta_densimaculata	G>T	1.11206	0.0	0.0
Rhabdoblatta_densimaculata	A>C	34.3671	0.0	0.0
Rhabdoblatta_densimaculata	C>G	2.51388	0.0	0.0
Rhabdoblatta_densimaculata	G>A	1.61202	0.0	0.0
Opisthoplatia_orientalis	A>C	0.0	0.0	0.0
Opisthoplatia_orientalis	A>G	0.0	0.0	0.0
Opisthoplatia_orientalis	A>T	0.0	0.0	0.0
Opisthoplatia_orientalis	C>A	0.0	0.0	0.0
Opisthoplatia_orientalis	C>G	0.0	0.0	0.0
Opisthoplatia_orientalis	C>T	0.0	0.0	0.0
Opisthoplatia_orientalis	G>A	0.0	0.0	0.0
Opisthoplatia_orientalis	G>C	0.0	0.0	0.0
Opisthoplatia_orientalis	G>T	0.0	0.0	0.0
Opisthoplatia_orientalis	T>A	0.0	0.0	0.0
Opisthoplatia_orientalis	T>C	0.0	0.0	0.0
Opisthoplatia_orientalis	T>G	0.0	0.0	0.0
Blatta_orientalis	C>T	30.093	0.06199306585642	0.994034
Blatta_orientalis	G>A	4.98236	0.0	0.0
Blatta_orientalis	T>C	96.4589	0.0	0.0
Blatta_orientalis	T>G	34.8765	0.0	0.0
Blatta_orientalis	C>G	8.96824	0.0	0.0
Blatta_orientalis	C>A	8.96824	0.0	0.0
Blatta_orientalis	G>C	1.99294	0.93800693414358	0.996077
Blatta_orientalis	A>G	112.601	0.0	0.0
Blatta_orientalis	A>T	70.7495	0.0	0.0
Blatta_orientalis	G>T	1.99294	0.0	0.0
Blatta_orientalis	A>C	70.7495	0.0	0.0
Blatta_orientalis	T>A	34.8765	0.0	0.0
Blattella_nipponica	A>C	50.9332	0.01133657240696328	1.48481
Blattella_nipponica	A>G	90.4376	0.04361256639681121	10.142589000000001
Blattella_nipponica	A>T	50.9332	0.024012856308109277	3.145089
Blattella_nipponica	C>T	20.5839	0.18922605084956792	10.016056
Blattella_nipponica	G>A	5.66335	0.592830538905031	8.633604
Blattella_nipponica	G>T	3.88701	0.0667980683788184	0.667679
Blattella_nipponica	T>C	99.9089	0.051402812977854866	13.206241
Blattella_nipponica	C>A	10.5587	0.0	0.0
Blattella_nipponica	T>A	35.7628	0.020780533776844048	1.911069
Blattella_nipponica	C>G	10.5587	0.0	0.0
Blattella_nipponica	T>G	35.7628	0.0	0.0
Blattella_nipponica	G>C	3.88701	0.0	0.0
Phyllodromica_iberica	C>T	38.4049	0.24879963216594614	1.6414810000000002
Phyllodromica_iberica	T>C	155.761	0.06336625224785129	1.6955719999999999
Phyllodromica_iberica	A>G	150.196	0.0	0.0
Phyllodromica_iberica	C>A	13.187	0.0	0.0
Phyllodromica_iberica	C>G	13.187	0.0	0.0
Phyllodromica_iberica	T>A	52.3151	0.04704501020953678	0.422805
Phyllodromica_iberica	T>G	52.3151	0.0	0.0
Phyllodromica_iberica	A>C	81.317	0.0	0.0
Phyllodromica_iberica	A>T	81.317	0.0	0.0
Phyllodromica_iberica	G>C	4.22878	0.0	0.0
Phyllodromica_iberica	G>A	9.06238	0.6407891053766658	0.997601
Phyllodromica_iberica	G>T	4.22878	0.0	0.0
