,Species,Mut,ExpNum,MutSpec,ObsNum
319,Anaplecta_omei,A>C,25.4695,0.0,0.0
315,Anaplecta_omei,A>G,62.4266,0.1339631701615366,3.141846
321,Anaplecta_omei,A>T,25.4695,0.0,0.0
322,Anaplecta_omei,C>A,3.43433,0.0,0.0
317,Anaplecta_omei,C>G,3.43433,0.0,0.0
314,Anaplecta_omei,C>T,9.10219,0.589633939075405,2.0163140000000004
313,Anaplecta_omei,G>A,46.6725,0.182160687903073,3.194078
323,Anaplecta_omei,G>C,19.6235,0.0,0.0
318,Anaplecta_omei,G>T,19.6235,0.0,0.0
320,Anaplecta_omei,T>A,57.2303,0.0,0.0
312,Anaplecta_omei,T>C,79.0947,0.0736658159773055,2.188987
316,Anaplecta_omei,T>G,57.2303,0.0205763868826799,0.44241
632,Arenivaga_floridensis,A>C,38.4941,0.0045982726181439,0.944306
631,Arenivaga_floridensis,A>G,123.735,0.0731362399195729,48.277976
630,Arenivaga_floridensis,A>T,38.4941,0.0268831871671596,5.520759
629,Arenivaga_floridensis,C>A,1.08755,0.2853286182820362,1.655459
634,Arenivaga_floridensis,C>G,1.08755,0.0,0.0
628,Arenivaga_floridensis,C>T,3.40442,0.3323781952179713,6.0366990000000005
627,Arenivaga_floridensis,G>A,23.2934,0.2485725379938291,30.88943
635,Arenivaga_floridensis,G>C,5.78686,0.0,0.0
633,Arenivaga_floridensis,G>T,5.78686,0.0,0.0
626,Arenivaga_floridensis,T>A,60.3987,0.0078062100971236,2.515311
625,Arenivaga_floridensis,T>C,122.687,0.021296738704163,13.939125
624,Arenivaga_floridensis,T>G,60.3987,0.0,0.0
647,Blattella_bisignata,A>C,45.5821,0.0,0.0
641,Blattella_bisignata,A>G,114.419,0.1135606735055944,18.03262
640,Blattella_bisignata,A>T,45.5821,0.0209702263642211,1.32657
644,Blattella_bisignata,C>A,3.5044,0.0,0.0
643,Blattella_bisignata,C>G,3.5044,0.0,0.0
642,Blattella_bisignata,C>T,4.57182,0.0,0.0
639,Blattella_bisignata,G>A,17.285,0.5354717523916187,12.845135
646,Blattella_bisignata,G>C,7.88516,0.0,0.0
638,Blattella_bisignata,G>T,7.88516,0.0740419673900807,0.810254
637,Blattella_bisignata,T>A,46.9231,0.1055771714259838,6.875265
636,Blattella_bisignata,T>C,89.9282,0.1354378413525033,16.903189
645,Blattella_bisignata,T>G,46.9231,0.0149403675699976,0.972928
356,Blattella_germanica,A>C,47.7444,0.0214135245622505,3.791717
355,Blattella_germanica,A>G,114.62,0.0304013740925614,12.923464
354,Blattella_germanica,A>T,47.7444,0.0363770479444901,6.441325
358,Blattella_germanica,C>A,4.94686,0.0527656053671376,0.968068
359,Blattella_germanica,C>G,4.94686,0.0545056034046051,0.999991
353,Blattella_germanica,C>T,8.67855,0.3734622894611196,12.020409
352,Blattella_germanica,G>A,18.228,0.2118660966354852,14.32273
357,Blattella_germanica,G>C,5.73681,0.0454604282915216,0.967229
351,Blattella_germanica,G>T,5.73681,0.0882091988992362,1.876764
350,Blattella_germanica,T>A,48.4663,0.0372611196792124,6.697629
349,Blattella_germanica,T>C,92.035,0.0319599087307606,10.908973
348,Blattella_germanica,T>G,48.4663,0.0163178029316192,2.9331
267,Blattella_lituricollis,A>C,46.4966,0.0,0.0
266,Blattella_lituricollis,A>G,115.734,0.0310483712827837,13.910451
275,Blattella_lituricollis,A>T,46.4966,0.0021885664755824,0.393933
268,Blattella_lituricollis,C>A,0.17646,0.0,0.0
271,Blattella_lituricollis,C>G,0.17646,0.0,0.0
269,Blattella_lituricollis,C>T,0.294104,0.8782780328682604,0.999941
265,Blattella_lituricollis,G>A,13.8515,0.0738336980189995,3.959067
274,Blattella_lituricollis,G>C,4.79985,0.0,0.0
273,Blattella_lituricollis,G>T,4.79985,0.0,0.0
272,Blattella_lituricollis,T>A,53.4295,0.0046963828517499,0.971373
264,Blattella_lituricollis,T>C,96.3149,0.0099549485026237,3.711709
270,Blattella_lituricollis,T>G,53.4295,0.0,0.0
790,Blattella_nipponica,A>C,35.7628,0.0,0.0
786,Blattella_nipponica,A>G,99.9089,0.0514028129778548,13.206241
788,Blattella_nipponica,A>T,35.7628,0.020780533776844,1.911069
785,Blattella_nipponica,C>A,3.88701,0.0667980683788184,0.667679
791,Blattella_nipponica,C>G,3.88701,0.0,0.0
784,Blattella_nipponica,C>T,5.66335,0.592830538905031,8.633604
783,Blattella_nipponica,G>A,20.5839,0.1892260508495679,10.016056
789,Blattella_nipponica,G>C,10.5587,0.0,0.0
787,Blattella_nipponica,G>T,10.5587,0.0,0.0
782,Blattella_nipponica,T>A,50.9332,0.0240128563081092,3.145089
781,Blattella_nipponica,T>C,90.4376,0.0436125663968112,10.142589
780,Blattella_nipponica,T>G,50.9332,0.0113365724069632,1.48481
32,Bundoksia_longissima,A>C,21.4435,0.0,0.0
29,Bundoksia_longissima,A>G,68.4611,0.1222369478060843,6.751731
28,Bundoksia_longissima,A>T,21.4435,0.1338109418399838,2.315027
30,Bundoksia_longissima,C>A,2.97527,0.0,0.0
34,Bundoksia_longissima,C>G,2.97527,0.0,0.0
33,Bundoksia_longissima,C>T,5.2047,0.2193249779584226,0.920985
27,Bundoksia_longissima,G>A,12.405,0.3390610049073201,3.393465
35,Bundoksia_longissima,G>C,2.47851,0.0,0.0
31,Bundoksia_longissima,G>T,2.47851,0.0,0.0
26,Bundoksia_longissima,T>A,45.0144,0.0335084739586166,1.216956
25,Bundoksia_longissima,T>C,76.2057,0.0869076108672062,5.343355
24,Bundoksia_longissima,T>G,45.0144,0.0651500426623661,2.36611
453,Cryptocercus_punctulatus,A>C,21.6019,0.0427431941048758,8.611712
452,Cryptocercus_punctulatus,A>G,82.8416,0.1001053079683641,77.345697
451,Cryptocercus_punctulatus,A>T,21.6019,0.0281943626330377,5.680477
450,Cryptocercus_punctulatus,C>A,2.29562,0.0186278014940076,0.398834
455,Cryptocercus_punctulatus,C>G,2.29562,0.0,0.0
449,Cryptocercus_punctulatus,C>T,3.7468,0.4697651079071322,16.41617
448,Cryptocercus_punctulatus,G>A,44.1662,0.1922485498028227,79.192432
454,Cryptocercus_punctulatus,G>C,10.1202,0.0208658401341046,1.969498
447,Cryptocercus_punctulatus,G>T,10.1202,0.0749889709196185,7.078106
446,Cryptocercus_punctulatus,T>A,82.5889,0.0210232974057173,16.193961
445,Cryptocercus_punctulatus,T>C,137.152,0.0274183043756194,35.073032
444,Cryptocercus_punctulatus,T>G,82.5889,0.0040192632546998,3.095984
92,Eupolyphaga_sinensis,A>C,28.9611,0.0,0.0
91,Eupolyphaga_sinensis,A>G,63.0457,0.0465266319074707,5.623623
90,Eupolyphaga_sinensis,A>T,28.9611,0.009573842907509,0.53157
94,Eupolyphaga_sinensis,C>A,3.13713,0.0,0.0
89,Eupolyphaga_sinensis,C>G,3.13713,0.1518507963951023,0.91329
88,Eupolyphaga_sinensis,C>T,7.22027,0.4832937346674174,6.689963
87,Eupolyphaga_sinensis,G>A,21.9288,0.1555615904159328,6.539979
93,Eupolyphaga_sinensis,G>C,9.08142,0.0,0.0
95,Eupolyphaga_sinensis,G>T,9.08142,0.0,0.0
86,Eupolyphaga_sinensis,T>A,27.8863,0.0701435692569126,3.750057
85,Eupolyphaga_sinensis,T>C,48.8782,0.0647050821706173,6.063351
84,Eupolyphaga_sinensis,T>G,27.8863,0.0183447522790376,0.980758
57,Geoscapheus_dilatatus,A>C,72.9962,0.0033683045953894,0.492707
56,Geoscapheus_dilatatus,A>G,192.443,0.062819243476539,24.225455
55,Geoscapheus_dilatatus,A>T,72.9962,0.0260116310090298,3.804915
54,Geoscapheus_dilatatus,C>A,3.43155,0.1257950974771322,0.86503
58,Geoscapheus_dilatatus,C>G,3.43155,0.0,0.0
53,Geoscapheus_dilatatus,C>T,7.43191,0.4534355686695355,6.752944
52,Geoscapheus_dilatatus,G>A,39.4052,0.2154980941042341,17.016651
59,Geoscapheus_dilatatus,G>C,14.7629,0.0,0.0
51,Geoscapheus_dilatatus,G>T,14.7629,0.0314928800360857,0.931668
50,Geoscapheus_dilatatus,T>A,90.7923,0.0332863064115477,6.056082
49,Geoscapheus_dilatatus,T>C,168.05,0.0407006486477154,13.706197
48,Geoscapheus_dilatatus,T>G,90.7923,0.0075922255727908,1.381323
477,Hebardina_concinna,A>C,37.6882,0.0,0.0
473,Hebardina_concinna,A>G,110.553,0.0841647064720158,7.896575
472,Hebardina_concinna,A>T,37.6882,0.0609526746826355,1.949559
479,Hebardina_concinna,C>A,1.404,0.0,0.0
474,Hebardina_concinna,C>G,1.404,0.0,0.0
471,Hebardina_concinna,C>T,2.51223,0.4690136101175959,0.999961
470,Hebardina_concinna,G>A,12.2689,0.2789082048660619,2.904057
475,Hebardina_concinna,G>C,3.79705,0.0,0.0
476,Hebardina_concinna,G>T,3.79705,0.0,0.0
469,Hebardina_concinna,T>A,57.7298,0.0201405174125232,0.986754
468,Hebardina_concinna,T>C,106.52,0.0868202864491674,7.848571
478,Hebardina_concinna,T>G,57.7298,0.0,0.0
346,Margattea_bisignata,A>C,27.115,0.0,0.0
340,Margattea_bisignata,A>G,74.8665,0.1341753977262738,10.909621
347,Margattea_bisignata,A>T,27.115,0.0,0.0
344,Margattea_bisignata,C>A,4.28151,0.2150487179136154,0.999961
341,Margattea_bisignata,C>G,4.28151,0.0,0.0
339,Margattea_bisignata,C>T,7.23054,0.3018546122521907,2.370379
338,Margattea_bisignata,G>A,27.9195,0.1741828948765642,5.281562
343,Margattea_bisignata,G>C,9.95925,0.0,0.0
345,Margattea_bisignata,G>T,9.95925,0.0685662254066344,0.741628
337,Margattea_bisignata,T>A,49.7954,0.0321928596071279,1.740997
336,Margattea_bisignata,T>C,83.404,0.0739792922175935,6.701103
342,Margattea_bisignata,T>G,49.7954,0.0,0.0
549,Nocticola_quartermainei,A>C,23.1726,0.0,0.0
547,Nocticola_quartermainei,A>G,60.7069,0.127799331235754,28.539582
546,Nocticola_quartermainei,A>T,23.1726,0.039829573982949,3.395169
548,Nocticola_quartermainei,C>A,4.42256,0.0,0.0
550,Nocticola_quartermainei,C>G,4.42256,0.0578472762689006,0.941104
545,Nocticola_quartermainei,C>T,5.68014,0.5088140173032765,10.631611
544,Nocticola_quartermainei,G>A,39.3652,0.1444459403839957,20.91697
551,Nocticola_quartermainei,G>C,16.4962,0.0,0.0
543,Nocticola_quartermainei,G>T,16.4962,0.0198437616173171,1.204173
542,Nocticola_quartermainei,T>A,39.7758,0.0268185437541927,3.924055
541,Nocticola_quartermainei,T>C,68.9438,0.074601555453614,18.920128
540,Nocticola_quartermainei,T>G,39.7758,0.0,0.0
443,Panchlora_nivea,A>C,35.5543,0.0,0.0
439,Panchlora_nivea,A>G,86.8421,0.1659329990691871,6.111011
438,Panchlora_nivea,A>T,35.5543,0.0868211888059348,1.309085
442,Panchlora_nivea,C>A,5.46107,0.4267200496987692,0.988259
441,Panchlora_nivea,C>G,5.46107,0.0,0.0
437,Panchlora_nivea,C>T,7.31301,0.0,0.0
436,Panchlora_nivea,G>A,22.9082,0.0670219020242368,0.651115
440,Panchlora_nivea,G>C,7.69981,0.0,0.0
435,Panchlora_nivea,G>T,7.69981,0.0,0.0
434,Panchlora_nivea,T>A,45.6146,0.0353708162068137,0.6842250000000001
433,Panchlora_nivea,T>C,79.3968,0.1817546463028528,6.119818
432,Panchlora_nivea,T>G,45.6146,0.0363783978922052,0.703716
189,Panesthia_tryoni,A>C,58.001,0.0,0.0
188,Panesthia_tryoni,A>G,159.522,0.0131113438840252,1.573427
187,Panesthia_tryoni,A>T,58.001,0.0345248031308927,1.506418
186,Panesthia_tryoni,C>A,1.07541,0.4251391254552647,0.343941
191,Panesthia_tryoni,C>G,1.07541,0.0,0.0
185,Panesthia_tryoni,C>T,2.08499,0.3606319856273976,0.565649
184,Panesthia_tryoni,G>A,26.6856,0.1103752361741965,2.215784
190,Panesthia_tryoni,G>C,11.7661,0.0,0.0
183,Panesthia_tryoni,G>T,11.7661,0.0,0.0
182,Panesthia_tryoni,T>A,79.7587,0.0323349315233376,1.940121
181,Panesthia_tryoni,T>C,144.324,0.0238825742048854,2.592976
180,Panesthia_tryoni,T>G,79.7587,0.0,0.0
80,Periplaneta_americana,A>C,26.312,0.0624483924987618,6.306861
79,Periplaneta_americana,A>G,80.17,0.0279365914522294,8.596535
78,Periplaneta_americana,A>T,26.312,0.0134476522106339,1.358121
81,Periplaneta_americana,C>A,3.13357,0.2338475113398307,2.812615
82,Periplaneta_americana,C>G,3.13357,0.0827620058114782,0.995425
77,Periplaneta_americana,C>T,4.70714,0.389557137543832,7.038278
76,Periplaneta_americana,G>A,29.6746,0.0673329905831485,7.669215
83,Periplaneta_americana,G>C,10.7504,0.0204862270403752,0.845327
75,Periplaneta_americana,G>T,10.7504,0.0533901088411829,2.203046
74,Periplaneta_americana,T>A,63.5756,0.0178702445203226,4.360729
73,Periplaneta_americana,T>C,102.029,0.0116087519156777,4.546187
72,Periplaneta_americana,T>G,63.5756,0.0193123862425266,4.712643
153,Periplaneta_fuliginosa,A>C,28.1396,0.0,0.0
148,Periplaneta_fuliginosa,A>G,83.0512,0.0531407509470415,2.595287
150,Periplaneta_fuliginosa,A>T,28.1396,0.0,0.0
149,Periplaneta_fuliginosa,C>A,1.12393,0.0,0.0
151,Periplaneta_fuliginosa,C>G,1.12393,0.0,0.0
152,Periplaneta_fuliginosa,C>T,3.53116,0.3508026041662148,0.728437
147,Periplaneta_fuliginosa,G>A,17.9738,0.46337489646089,4.89761
154,Periplaneta_fuliginosa,G>C,4.68102,0.0,0.0
155,Periplaneta_fuliginosa,G>T,4.68102,0.0,0.0
146,Periplaneta_fuliginosa,T>A,56.552,0.0300434081707832,0.9991
145,Periplaneta_fuliginosa,T>C,93.6368,0.0807394892453806,4.445743
144,Periplaneta_fuliginosa,T>G,56.552,0.0218988510096897,0.728251
165,Rhabdoblatta_marginata,A>C,22.3026,0.0,0.0
162,Rhabdoblatta_marginata,A>G,62.3546,0.0254006670507249,2.34237
161,Rhabdoblatta_marginata,A>T,22.3026,0.0760628597140126,2.508823
163,Rhabdoblatta_marginata,C>A,1.16938,0.4396145196264268,0.760273
167,Rhabdoblatta_marginata,C>G,1.16938,0.0,0.0
160,Rhabdoblatta_marginata,C>T,2.07838,0.1002808339203517,0.308237
159,Rhabdoblatta_marginata,G>A,13.9661,0.1122251091212933,2.317966
166,Rhabdoblatta_marginata,G>C,4.8659,0.0756860151503413,0.544654
164,Rhabdoblatta_marginata,G>T,4.8659,0.0753848852681945,0.542487
158,Rhabdoblatta_marginata,T>A,35.8804,0.0285045585101965,1.512563
157,Rhabdoblatta_marginata,T>C,61.2756,0.0534390297016755,4.842705
156,Rhabdoblatta_marginata,T>G,35.8804,0.0134015219367825,0.711137
309,Rhabdoblatta_nigrovittata,A>C,40.5761,0.0,0.0
306,Rhabdoblatta_nigrovittata,A>G,95.983,0.091156790661442,8.327172
305,Rhabdoblatta_nigrovittata,A>T,40.5761,0.025893344397385,0.999937
308,Rhabdoblatta_nigrovittata,C>A,3.24214,0.0,0.0
307,Rhabdoblatta_nigrovittata,C>G,3.24214,0.0,0.0
304,Rhabdoblatta_nigrovittata,C>T,4.42985,0.4306319024603964,1.815555
303,Rhabdoblatta_nigrovittata,G>A,30.1695,0.2602472683150197,7.472544
311,Rhabdoblatta_nigrovittata,G>C,10.6534,0.0,0.0
302,Rhabdoblatta_nigrovittata,G>T,10.6534,0.0875267861382574,0.887449
310,Rhabdoblatta_nigrovittata,T>A,44.9139,0.023389093921213,0.999789
301,Rhabdoblatta_nigrovittata,T>C,84.3658,0.0599541615152417,4.813931999999999
300,Rhabdoblatta_nigrovittata,T>G,44.9139,0.0212006525910446,0.906242
574,Sigmella_schenklingi,A>C,22.9858,0.0062971965220391,0.973858
573,Sigmella_schenklingi,A>G,65.5488,0.0747624289556786,32.971364
572,Sigmella_schenklingi,A>T,22.9858,0.0756524238774324,11.699606
571,Sigmella_schenklingi,C>A,3.91828,0.0379313962242519,0.999961
575,Sigmella_schenklingi,C>G,3.91828,0.0,0.0
570,Sigmella_schenklingi,C>T,6.2093,0.5826949856493622,24.342921
569,Sigmella_schenklingi,G>A,68.5286,0.1155621523148127,53.281476
568,Sigmella_schenklingi,G>C,22.2394,0.0128141162574236,1.917346
567,Sigmella_schenklingi,G>T,22.2394,0.0323275160600232,4.83709
566,Sigmella_schenklingi,T>A,70.6837,0.0220127058214569,10.468428
565,Sigmella_schenklingi,T>C,103.445,0.0234183314632548,16.298747
564,Sigmella_schenklingi,T>G,70.6837,0.0165267468542643,7.859509
